group_id,n,KKT,P90,P99,max_populated_KKT
30,300,0.0006865079885589423,0.0013205244143803913,0.0019871973991394043,0.016106410423914592
31,300,0.0006836779867455121,0.001296014388402303,0.0019529358545939128,0.01632803400357564
32,300,0.0007052148284478917,0.0013672500848770142,0.002040271560351054,0.018293320735295614
33,300,0.0006776537467447835,0.0012895939747492471,0.0019471776485443116,0.015656314690907797
34,300,0.0006842141192880622,0.0013103163242340087,0.001976123849550883,0.016981244881947834
35,300,0.0006653782920541844,0.0012615903218587239,0.00190898597240448,0.01440621296564738
36,300,0.0006729162281638001,0.001262343923250834,0.001896843910217285,0.015902802546819052
37,300,0.000690232858693484,0.0013404875993728639,0.002019428014755249,0.017048420111338298
38,300,0.0006934632246063848,0.0013217870394388834,0.0019838192065556844,0.016025354067484537
39,300,0.0006785114364927895,0.0012880740563074747,0.0019469104210535686,0.014375161329905193
40,300,0.0006791829721521637,0.0012847012281417846,0.001927366058031718,0.015077162981033326
41,300,0.0006967015482267757,0.001364455223083496,0.002050315340360006,0.015919337670008343
