entry_id,method,seed,family,status,full_coverage,common_states,shape_pairs,strict_paths,failures,common_raw_group_KKT,own_post_burn_KKT,solve_seconds,solve_device,solve_peak_gpu_bytes,final_evaluation_gpu_seconds,final_evaluation_peak_gpu_bytes
fullmu_deeponet_s9711,fullmu_deeponet,9711,neural,complete,True,3600,120,12,0,0.0005430013670906184,0.019376464146376428,16165.011288556037,GPU training,434344448,1933.8924226639792,10984448
fullmu_deeponet_s9712,fullmu_deeponet,9712,neural,complete,True,3600,120,12,0,0.0005096806817389404,0.019411745620237425,16313.822217843961,GPU training,434344448,1819.5021051929798,10984448
fullmu_deeponet_s9713,fullmu_deeponet,9713,neural,complete,True,3600,120,12,0,0.0003723379268880822,0.0196116229760285,15821.29675138602,GPU training,434344448,1827.3954744320363,10984448
fullmu_mlp_s9711,fullmu_mlp,9711,neural,complete,True,3600,120,12,0,0.0006939136701020542,0.020606982165344612,16044.648091776995,GPU training,418355712,1690.8216536031105,11804672
fullmu_mlp_s9712,fullmu_mlp,9712,neural,complete,True,3600,120,12,0,0.0006607104487076912,0.0206518195916208,15128.734466754133,GPU training,418355712,1622.3031192540657,11804672
fullmu_mlp_s9713,fullmu_mlp,9713,neural,complete,True,3600,120,12,0,0.0006844712691812311,0.020610690327425768,16818.8847414169,GPU training,418355712,1677.5709560099058,11804672
onlyK_mlp_s9711,onlyK_mlp,9711,neural,complete,True,3600,120,12,0,0.0023658245397763624,0.02770064902788504,16886.76041826699,GPU training,890678272,1662.5304387309588,24131584
onlyK_mlp_s9712,onlyK_mlp,9712,neural,complete,True,3600,120,12,0,0.0023122578777443636,0.026895765297777787,16568.29404908698,GPU training,890678272,1741.392080284888,24131584
onlyK_mlp_s9713,onlyK_mlp,9713,neural,complete,True,3600,120,12,0,0.0023099748584729254,0.02755010722638282,16933.99932580511,GPU training,890678272,1540.912386870943,24131584
mmv_matched_s9711,mmv_matched,9711,mmv,complete,True,3600,120,12,0,0.0001540912067065925,0.00013375973624810993,350.5896192670334,CPU solve,,1936.312310156878,322048
mmv_matched_s9712,mmv_matched,9712,mmv,complete,True,3600,120,12,0,0.0001663040600167444,0.00013662605019915748,346.644962154096,CPU solve,,1971.8663747189566,322048
mmv_matched_s9713,mmv_matched,9713,mmv,complete,True,3600,120,12,0,0.00018646760596962222,0.00012764711287398616,312.7773205079138,CPU solve,,1954.72503272607,322048
mmw_s9711,mmw,9711,mmw,complete,True,3600,120,12,0,0.021538002940747345,0.0014678394911377746,27569.51077685994,GPU training and online simulation,90002944,1547.9806075890083,11760640
mmw_s9712,mmw,9712,mmw,complete,True,3600,120,12,0,0.020987211354372787,0.005662631803497308,29132.132123855874,GPU training and online simulation,90002944,1641.6763930509333,11760640
mmw_s9713,mmw,9713,mmw,complete,True,3600,120,12,0,0.02180613474059942,0.0019049270681181978,27014.4198901481,GPU training and online simulation,90002944,1563.7268115410116,11760640
