entry_id,method,seed,family,group_id,n,KKT,P90,P99
fullmu_deeponet_s9711,fullmu_deeponet,9711,neural,30,300,0.0005455969754296421,0.0010848853985468546,0.0024453550577163696
fullmu_deeponet_s9711,fullmu_deeponet,9711,neural,31,300,0.0005418012587196969,0.0010901490847269695,0.002458927830060323
fullmu_deeponet_s9711,fullmu_deeponet,9711,neural,32,300,0.0005569410317519676,0.0011279286940892538,0.002495726943016052
fullmu_deeponet_s9711,fullmu_deeponet,9711,neural,33,300,0.0005399226559482947,0.0010822594165802002,0.0024415765206019084
fullmu_deeponet_s9711,fullmu_deeponet,9711,neural,34,300,0.000538740406184836,0.0010902857780456542,0.0024832598368326824
fullmu_deeponet_s9711,fullmu_deeponet,9711,neural,35,300,0.0005302662277206768,0.0010533434152603148,0.0024301942189534505
fullmu_deeponet_s9711,fullmu_deeponet,9711,neural,36,300,0.0005323117553232581,0.0010618281364440918,0.0024088374773661297
fullmu_deeponet_s9711,fullmu_deeponet,9711,neural,37,300,0.0005539252421870183,0.0011108305056889852,0.0024767688910166423
fullmu_deeponet_s9711,fullmu_deeponet,9711,neural,38,300,0.0005367515641930618,0.0011175205310185751,0.002500474254290263
fullmu_deeponet_s9711,fullmu_deeponet,9711,neural,39,300,0.0005441783643986069,0.0010933031638463337,0.002437923749287923
fullmu_deeponet_s9711,fullmu_deeponet,9711,neural,40,300,0.0005332846596003105,0.0010850954055786133,0.0024546664953231812
fullmu_deeponet_s9711,fullmu_deeponet,9711,neural,41,300,0.0005622962636300506,0.0011369125048319498,0.0025084527333577473
fullmu_deeponet_s9712,fullmu_deeponet,9712,neural,30,300,0.0005120252133282663,0.0010340495904286701,0.002396700978279114
fullmu_deeponet_s9712,fullmu_deeponet,9712,neural,31,300,0.0005092129818226808,0.0010398352146148682,0.002410123546918233
fullmu_deeponet_s9712,fullmu_deeponet,9712,neural,32,300,0.0005219618930543731,0.001073628266652425,0.0024380346139272055
fullmu_deeponet_s9712,fullmu_deeponet,9712,neural,33,300,0.0005069751418619762,0.001031770706176758,0.0023890618483225503
fullmu_deeponet_s9712,fullmu_deeponet,9712,neural,34,300,0.0005054741989475401,0.0010431313514709473,0.0024290974934895833
fullmu_deeponet_s9712,fullmu_deeponet,9712,neural,35,300,0.0004980198547772355,0.001006183624267578,0.002378985087076823
fullmu_deeponet_s9712,fullmu_deeponet,9712,neural,36,300,0.0004998723550443198,0.0010139147440592449,0.0023623092969258627
fullmu_deeponet_s9712,fullmu_deeponet,9712,neural,37,300,0.0005189372401286135,0.0010550667842229207,0.0024160389105478924
fullmu_deeponet_s9712,fullmu_deeponet,9712,neural,38,300,0.0005046004599981703,0.0010678722461064656,0.002449122071266174
fullmu_deeponet_s9712,fullmu_deeponet,9712,neural,39,300,0.0005100800911599876,0.0010409202178319294,0.0023851279417673745
fullmu_deeponet_s9712,fullmu_deeponet,9712,neural,40,300,0.0005015965568630421,0.0010354032119115194,0.002404449780782064
fullmu_deeponet_s9712,fullmu_deeponet,9712,neural,41,300,0.0005274121938810789,0.0010824445883433024,0.0024492416779200235
fullmu_deeponet_s9713,fullmu_deeponet,9713,neural,30,300,0.00037361710937709345,0.0008074406782786051,0.0017228041092554728
fullmu_deeponet_s9713,fullmu_deeponet,9713,neural,31,300,0.00037551273626333973,0.0008225353558858235,0.0017274208863576252
fullmu_deeponet_s9713,fullmu_deeponet,9713,neural,32,300,0.00037881206781546485,0.000847005049387614,0.0017697449525197347
fullmu_deeponet_s9713,fullmu_deeponet,9713,neural,33,300,0.0003696378779509141,0.0008162486553192138,0.00172379732131958
fullmu_deeponet_s9713,fullmu_deeponet,9713,neural,34,300,0.0003649070855597791,0.0008259652058283488,0.0017516316970189413
fullmu_deeponet_s9713,fullmu_deeponet,9713,neural,35,300,0.00035821569957183774,0.000793029268582662,0.0017001726229985555
fullmu_deeponet_s9713,fullmu_deeponet,9713,neural,36,300,0.00036285858857118325,0.0007931021849314372,0.0016831487417221069
fullmu_deeponet_s9713,fullmu_deeponet,9713,neural,37,300,0.0003750669141221207,0.0008339661359786987,0.001750497023264567
fullmu_deeponet_s9713,fullmu_deeponet,9713,neural,38,300,0.0003785636778747032,0.0008505858977635701,0.0017635659376780191
fullmu_deeponet_s9713,fullmu_deeponet,9713,neural,39,300,0.0003717650177988313,0.0008282466729482015,0.0017038369178771972
fullmu_deeponet_s9713,fullmu_deeponet,9713,neural,40,300,0.00037031316990389883,0.0008204464117685954,0.0017268834511439005
fullmu_deeponet_s9713,fullmu_deeponet,9713,neural,41,300,0.00038878517784782035,0.0008512765169143676,0.0017878548304239908
fullmu_mlp_s9711,fullmu_mlp,9711,neural,30,300,0.000695347189327435,0.0012771618366241456,0.00233936349550883
fullmu_mlp_s9711,fullmu_mlp,9711,neural,31,300,0.0006943298027230721,0.0012498635053634643,0.002324890494346619
fullmu_mlp_s9711,fullmu_mlp,9711,neural,32,300,0.0007067140720383451,0.0013089342912038168,0.0023685236771901447
fullmu_mlp_s9711,fullmu_mlp,9711,neural,33,300,0.0006901372782516415,0.0012521153688430785,0.002305720249811808
fullmu_mlp_s9711,fullmu_mlp,9711,neural,34,300,0.000694465228941362,0.0012787532806396483,0.0023245080312093097
fullmu_mlp_s9711,fullmu_mlp,9711,neural,35,300,0.0006723630837997998,0.0012174143393834432,0.0022868037223815916
fullmu_mlp_s9711,fullmu_mlp,9711,neural,36,300,0.0006901547694172628,0.0012370224793752035,0.002284855842590332
fullmu_mlp_s9711,fullmu_mlp,9711,neural,37,300,0.0006952506234927147,0.0012819512685139974,0.002340687910715739
fullmu_mlp_s9711,fullmu_mlp,9711,neural,38,300,0.0007073173665704035,0.001279398798942566,0.002364126443862915
fullmu_mlp_s9711,fullmu_mlp,9711,neural,39,300,0.0006855870816238488,0.0012316034237543742,0.002316448291142782
fullmu_mlp_s9711,fullmu_mlp,9711,neural,40,300,0.0006924700194122091,0.0012415283918380737,0.0023264249165852865
fullmu_mlp_s9711,fullmu_mlp,9711,neural,41,300,0.0007028275256265569,0.0013239425420761108,0.002364186445871989
fullmu_mlp_s9712,fullmu_mlp,9712,neural,30,300,0.0006626205082736428,0.0013422795136769613,0.002162065108617147
fullmu_mlp_s9712,fullmu_mlp,9712,neural,31,300,0.0006575023862274784,0.0013154313961664837,0.002126259406407674
fullmu_mlp_s9712,fullmu_mlp,9712,neural,32,300,0.0006851270091237751,0.0013939656813939413,0.002218618392944336
fullmu_mlp_s9712,fullmu_mlp,9712,neural,33,300,0.0006539803578416219,0.0013173985481262206,0.0021290087699890135
fullmu_mlp_s9712,fullmu_mlp,9712,neural,34,300,0.0006612671811291427,0.0013416576385498046,0.0021594798564910887
fullmu_mlp_s9712,fullmu_mlp,9712,neural,35,300,0.0006369299749439971,0.0012806312243143717,0.0020903619130452473
fullmu_mlp_s9712,fullmu_mlp,9712,neural,36,300,0.0006426354214998692,0.0012777940432230632,0.002075979908307393
fullmu_mlp_s9712,fullmu_mlp,9712,neural,37,300,0.0006747482481023793,0.001385770042737325,0.0022084208329518637
fullmu_mlp_s9712,fullmu_mlp,9712,neural,38,300,0.0006664260856249158,0.0013356759150822957,0.002161080042521159
fullmu_mlp_s9712,fullmu_mlp,9712,neural,39,300,0.000662321162527163,0.0013286070028940837,0.00213401734828949
fullmu_mlp_s9712,fullmu_mlp,9712,neural,40,300,0.0006454926997699425,0.001290324330329895,0.0021026553710301716
fullmu_mlp_s9712,fullmu_mlp,9712,neural,41,300,0.0006794743494283671,0.0014010306199391683,0.0022325666745503744
fullmu_mlp_s9713,fullmu_mlp,9713,neural,30,300,0.0006865079885589423,0.0013205244143803913,0.0019871973991394043
fullmu_mlp_s9713,fullmu_mlp,9713,neural,31,300,0.0006836779867455121,0.001296014388402303,0.0019529358545939128
fullmu_mlp_s9713,fullmu_mlp,9713,neural,32,300,0.0007052148284478917,0.0013672500848770142,0.002040271560351054
fullmu_mlp_s9713,fullmu_mlp,9713,neural,33,300,0.0006776537467447835,0.0012895939747492471,0.0019471776485443116
fullmu_mlp_s9713,fullmu_mlp,9713,neural,34,300,0.0006842141192880622,0.0013103163242340087,0.001976123849550883
fullmu_mlp_s9713,fullmu_mlp,9713,neural,35,300,0.0006653782920541844,0.0012615903218587239,0.00190898597240448
fullmu_mlp_s9713,fullmu_mlp,9713,neural,36,300,0.0006729162281638001,0.001262343923250834,0.001896843910217285
fullmu_mlp_s9713,fullmu_mlp,9713,neural,37,300,0.000690232858693484,0.0013404875993728639,0.002019428014755249
fullmu_mlp_s9713,fullmu_mlp,9713,neural,38,300,0.0006934632246063848,0.0013217870394388834,0.0019838192065556844
fullmu_mlp_s9713,fullmu_mlp,9713,neural,39,300,0.0006785114364927895,0.0012880740563074747,0.0019469104210535686
fullmu_mlp_s9713,fullmu_mlp,9713,neural,40,300,0.0006791829721521637,0.0012847012281417846,0.001927366058031718
fullmu_mlp_s9713,fullmu_mlp,9713,neural,41,300,0.0006967015482267757,0.001364455223083496,0.002050315340360006
onlyK_mlp_s9711,onlyK_mlp,9711,neural,30,300,0.002413309665753185,0.003610984484354655,0.004332546989123026
onlyK_mlp_s9711,onlyK_mlp,9711,neural,31,300,0.0023743284218300676,0.0035384504000345865,0.004236071507136027
onlyK_mlp_s9711,onlyK_mlp,9711,neural,32,300,0.0024261329552651084,0.003676956295967102,0.004435581962267557
onlyK_mlp_s9711,onlyK_mlp,9711,neural,33,300,0.0023358371532753394,0.00349662184715271,0.004214608470598857
onlyK_mlp_s9711,onlyK_mlp,9711,neural,34,300,0.0023660506984833594,0.003553545276323954,0.004252927303314209
onlyK_mlp_s9711,onlyK_mlp,9711,neural,35,300,0.0023055417225700753,0.003437977433204651,0.004133234024047852
onlyK_mlp_s9711,onlyK_mlp,9711,neural,36,300,0.0023335638175684945,0.003464103738466899,0.004124798973401387
onlyK_mlp_s9711,onlyK_mlp,9711,neural,37,300,0.0023053836673869073,0.003535802960395813,0.00428682287534078
onlyK_mlp_s9711,onlyK_mlp,9711,neural,38,300,0.0024729310466863603,0.0036485485235850015,0.004354323744773864
onlyK_mlp_s9711,onlyK_mlp,9711,neural,39,300,0.0022145059686782555,0.0033696601788202924,0.004064674973487854
onlyK_mlp_s9711,onlyK_mlp,9711,neural,40,300,0.0024304599624224133,0.0035748650630315145,0.004258560339609782
onlyK_mlp_s9711,onlyK_mlp,9711,neural,41,300,0.002411849397396783,0.0036784809827804564,0.00442594051361084
onlyK_mlp_s9712,onlyK_mlp,9712,neural,30,300,0.0023526556598113158,0.0035136810938517253,0.004225713610649109
onlyK_mlp_s9712,onlyK_mlp,9712,neural,31,300,0.0023195599140427296,0.0034486061334609987,0.004127028584480286
onlyK_mlp_s9712,onlyK_mlp,9712,neural,32,300,0.002360754199219285,0.0035793642203013104,0.004303955435752869
onlyK_mlp_s9712,onlyK_mlp,9712,neural,33,300,0.002279772492890132,0.003413544694582621,0.004102641344070434
onlyK_mlp_s9712,onlyK_mlp,9712,neural,34,300,0.0023129308879323756,0.003469817837079366,0.00416444460550944
onlyK_mlp_s9712,onlyK_mlp,9712,neural,35,300,0.0022532046503418762,0.003356210192044576,0.004023411870002746
onlyK_mlp_s9712,onlyK_mlp,9712,neural,36,300,0.002270402646314009,0.00336656391620636,0.004011591871579488
onlyK_mlp_s9712,onlyK_mlp,9712,neural,37,300,0.0022690836578997463,0.003474226395289103,0.0042070072889328
onlyK_mlp_s9712,onlyK_mlp,9712,neural,38,300,0.0024022863611235174,0.003546584645907084,0.004234211246172587
onlyK_mlp_s9712,onlyK_mlp,9712,neural,39,300,0.002227946401450474,0.0033544514576594035,0.004030598600705464
onlyK_mlp_s9712,onlyK_mlp,9712,neural,40,300,0.0023540014808046137,0.0034677199522654216,0.004114635189374288
onlyK_mlp_s9712,onlyK_mlp,9712,neural,41,300,0.0023444961811022904,0.003569180965423584,0.004307761788368225
onlyK_mlp_s9713,onlyK_mlp,9713,neural,30,300,0.0023466459198036543,0.003541429042816162,0.0042499568065007525
onlyK_mlp_s9713,onlyK_mlp,9713,neural,31,300,0.002309392362666833,0.003470587134361267,0.0041442485650380455
onlyK_mlp_s9713,onlyK_mlp,9713,neural,32,300,0.002359860420676657,0.0036023126045862833,0.0043264524141947425
onlyK_mlp_s9713,onlyK_mlp,9713,neural,33,300,0.002277623323400061,0.003448065718015035,0.004137219985326132
onlyK_mlp_s9713,onlyK_mlp,9713,neural,34,300,0.002314089356463432,0.003507332007090251,0.004203122655550639
onlyK_mlp_s9713,onlyK_mlp,9713,neural,35,300,0.002244078398657506,0.0033810901641845702,0.0040504703919092815
onlyK_mlp_s9713,onlyK_mlp,9713,neural,36,300,0.0022505145059971373,0.0033744186162948608,0.004024559855461121
onlyK_mlp_s9713,onlyK_mlp,9713,neural,37,300,0.002294675852200294,0.003532144824663798,0.004270863731702169
onlyK_mlp_s9713,onlyK_mlp,9713,neural,38,300,0.002384373913746026,0.003561231295267741,0.0042408641179402665
onlyK_mlp_s9713,onlyK_mlp,9713,neural,39,300,0.0022692539163973045,0.0034365546703338623,0.00410976231098175
onlyK_mlp_s9713,onlyK_mlp,9713,neural,40,300,0.002321940719608676,0.003463319738705953,0.004105502168337504
onlyK_mlp_s9713,onlyK_mlp,9713,neural,41,300,0.0023472496120575215,0.003600019415219625,0.00435439646244049
mmv_matched_s9711,mmv_matched,9711,mmv,30,300,0.00015445836317488012,0.00015633920828501382,0.0001787718137105306
mmv_matched_s9711,mmv_matched,9711,mmv,31,300,0.00014993047048179696,0.00015259861946105956,0.00017470856507619223
mmv_matched_s9711,mmv_matched,9711,mmv,32,300,0.00017144001399992437,0.00017360687255859374,0.00019813915093739828
mmv_matched_s9711,mmv_matched,9711,mmv,33,300,0.0001518593456802324,0.00015476644039154054,0.00017705202102661133
mmv_matched_s9711,mmv_matched,9711,mmv,34,300,0.00015530125856208702,0.00015791674455006916,0.00018015384674072266
mmv_matched_s9711,mmv_matched,9711,mmv,35,300,0.00014787335400942616,0.0001502317190170288,0.00017250696818033853
mmv_matched_s9711,mmv_matched,9711,mmv,36,300,0.00014132577222622007,0.00014365196228027343,0.00016398171583811443
mmv_matched_s9711,mmv_matched,9711,mmv,37,300,0.00015702127963343728,0.00015971899032592773,0.00018276552359263102
mmv_matched_s9711,mmv_matched,9711,mmv,38,300,0.0001564636717313353,0.00015944123268127442,0.0001822421948115031
mmv_matched_s9711,mmv_matched,9711,mmv,39,300,0.00014846284457437862,0.00015135784943898518,0.0001729653278986613
mmv_matched_s9711,mmv_matched,9711,mmv,40,300,0.00014665371493930384,0.00014890849590301514,0.00017093122005462646
mmv_matched_s9711,mmv_matched,9711,mmv,41,300,0.00016830439146608785,0.0001714239517847697,0.0001966148614883423
mmv_matched_s9712,mmv_matched,9712,mmv,30,300,0.00016691427890008618,0.00016830007235209147,0.00019096612930297852
mmv_matched_s9712,mmv_matched,9712,mmv,31,300,0.00016190757057686026,0.00016402900218963622,0.00018633504708607992
mmv_matched_s9712,mmv_matched,9712,mmv,32,300,0.00018577669106282433,0.00018752753734588623,0.0002123341957728068
mmv_matched_s9712,mmv_matched,9712,mmv,33,300,0.0001625699287675831,0.00016474644343058268,0.0001876463492711385
mmv_matched_s9712,mmv_matched,9712,mmv,34,300,0.0001669336972683853,0.00016914069652557373,0.00019165237744649252
mmv_matched_s9712,mmv_matched,9712,mmv,35,300,0.00015895219174892237,0.00016078452269236248,0.00018328011035919188
mmv_matched_s9712,mmv_matched,9712,mmv,36,300,0.00015132021136136578,0.00015307029088338216,0.00017380793889363607
mmv_matched_s9712,mmv_matched,9712,mmv,37,300,0.00017093705901213363,0.0001730787754058838,0.00019650578498840333
mmv_matched_s9712,mmv_matched,9712,mmv,38,300,0.0001673836113297178,0.00016967693964640298,0.0001928393046061198
mmv_matched_s9712,mmv_matched,9712,mmv,39,300,0.00016195870017081263,0.0001643494764963786,0.0001863559087117513
mmv_matched_s9712,mmv_matched,9712,mmv,40,300,0.0001580134712444534,0.0001598493258158366,0.00018213212490081788
mmv_matched_s9712,mmv_matched,9712,mmv,41,300,0.00018298130875778784,0.00018552462259928385,0.0002110910415649414
mmv_matched_s9713,mmv_matched,9713,mmv,30,300,0.00018781180155405256,0.00018858333428700764,0.00021164119243621826
mmv_matched_s9713,mmv_matched,9713,mmv,31,300,0.00018297825372567476,0.00018468519051869712,0.0002073808511098226
mmv_matched_s9713,mmv_matched,9713,mmv,32,300,0.00020707102914559398,0.00020844399929046632,0.00023337026437123616
mmv_matched_s9713,mmv_matched,9713,mmv,33,300,0.00018319738234308695,0.00018498619397481282,0.000208168625831604
mmv_matched_s9713,mmv_matched,9713,mmv,34,300,0.000186655072888749,0.00018840471903483073,0.00021106938521067302
mmv_matched_s9713,mmv_matched,9713,mmv,35,300,0.0001754804024195886,0.00017673830191294353,0.00019975523153940836
mmv_matched_s9713,mmv_matched,9713,mmv,36,300,0.00016955335434508335,0.00017095883687337238,0.000191766619682312
mmv_matched_s9713,mmv_matched,9713,mmv,37,300,0.00019034766451942684,0.00019210537274678548,0.0002157491445541382
mmv_matched_s9713,mmv_matched,9713,mmv,38,300,0.00019221987513843973,0.00019355714321136474,0.00021714369455973307
mmv_matched_s9713,mmv_matched,9713,mmv,39,300,0.00017301813001374545,0.00017503281434377036,0.00019747336705525716
mmv_matched_s9713,mmv_matched,9713,mmv,40,300,0.00018358533554215602,0.0001842119296391805,0.00020727654298146567
mmv_matched_s9713,mmv_matched,9713,mmv,41,300,0.00020569296999986954,0.0002073754866917928,0.000233306884765625
mmw_s9711,mmw,9711,mmw,30,300,0.02159628630297355,0.05387633423010508,0.26216815570990243
mmw_s9711,mmw,9711,mmw,31,300,0.021380663756805068,0.053162776430447894,0.26030944267908734
mmw_s9711,mmw,9711,mmw,32,300,0.022039805636321453,0.05527600884437561,0.2646117842197418
mmw_s9711,mmw,9711,mmw,33,300,0.021355687137782905,0.053045427600542705,0.2595562760035197
mmw_s9711,mmw,9711,mmw,34,300,0.021619289864253856,0.05395656287670136,0.2627647654215495
mmw_s9711,mmw,9711,mmw,35,300,0.02117108119200104,0.052540466984113056,0.25848743100961047
mmw_s9711,mmw,9711,mmw,36,300,0.02127301122756276,0.05298245072364807,0.2601257636149724
mmw_s9711,mmw,9711,mmw,37,300,0.021883324126429626,0.0547576638062795,0.2635745753844579
mmw_s9711,mmw,9711,mmw,38,300,0.021341413165847103,0.0531339963277181,0.2584440571069717
mmw_s9711,mmw,9711,mmw,39,300,0.021552065328759695,0.053918513854344687,0.26133371313412984
mmw_s9711,mmw,9711,mmw,40,300,0.021138570407685228,0.05250988662242889,0.2573086869716644
mmw_s9711,mmw,9711,mmw,41,300,0.02210483714254587,0.05548421740531921,0.26560355027516686
mmw_s9712,mmw,9712,mmw,30,300,0.021044210662617524,0.04938221673170726,0.2583829067150752
mmw_s9712,mmw,9712,mmw,31,300,0.02083114309775212,0.048677879174550374,0.2565158317486445
mmw_s9712,mmw,9712,mmw,32,300,0.02147771057382049,0.050762909650802615,0.26084030787150064
mmw_s9712,mmw,9712,mmw,33,300,0.02080204197234702,0.0485571813583374,0.25575239161650337
mmw_s9712,mmw,9712,mmw,34,300,0.02107164176917412,0.04948162833849589,0.25900003254413606
mmw_s9712,mmw,9712,mmw,35,300,0.02063260158706354,0.048070605198542275,0.2546912988026937
mmw_s9712,mmw,9712,mmw,36,300,0.020729282579006615,0.04851709981759389,0.2563421489795049
mmw_s9712,mmw,9712,mmw,37,300,0.021321277232928922,0.05024286866188049,0.2597961817185084
mmw_s9712,mmw,9712,mmw,38,300,0.02079144680188964,0.0486503263314565,0.254630210796992
mmw_s9712,mmw,9712,mmw,39,300,0.020998675543767394,0.04942727267742157,0.25755006551742554
mmw_s9712,mmw,9712,mmw,40,300,0.020602388457448745,0.048043780128161115,0.25350219051043194
mmw_s9712,mmw,9712,mmw,41,300,0.02154411597465729,0.05096637447675069,0.26184273918469747
mmw_s9713,mmw,9713,mmw,30,300,0.02186413865734859,0.053683881163597104,0.2625535396734873
mmw_s9713,mmw,9713,mmw,31,300,0.02164904410705293,0.05297198613484701,0.2607053522268931
mmw_s9713,mmw,9713,mmw,32,300,0.022312109057577512,0.05509160995483398,0.2650368907054265
mmw_s9713,mmw,9713,mmw,33,300,0.021621754084479684,0.05286595145861308,0.2599390039841334
mmw_s9713,mmw,9713,mmw,34,300,0.021885204683051926,0.05378414273262024,0.2632219346364339
mmw_s9713,mmw,9713,mmw,35,300,0.021437494449137853,0.052350587646166485,0.2588916937510172
mmw_s9713,mmw,9713,mmw,36,300,0.021539752720485958,0.052775012453397115,0.26054618299007415
mmw_s9713,mmw,9713,mmw,37,300,0.022154118810604917,0.054580832918485006,0.26397475361824035
mmw_s9713,mmw,9713,mmw,38,300,0.02160766663972831,0.05293295423189799,0.2588419888416926
mmw_s9713,mmw,9713,mmw,39,300,0.02182003909469414,0.05372610926628113,0.2617295362552007
mmw_s9713,mmw,9713,mmw,40,300,0.021406603827964877,0.05231217284997304,0.25773622532685597
mmw_s9713,mmw,9713,mmw,41,300,0.02237569075506636,0.05528620103995005,0.2660023222366969
