entry_id,method,seed,family,path_id,dates,strict_complete,price_floor,post_burn_KKT
fullmu_deeponet_s9711,fullmu_deeponet,9711,neural,30,4000,True,False,0.019379580986688003
fullmu_deeponet_s9711,fullmu_deeponet,9711,neural,31,4000,True,False,0.019367096219833912
fullmu_deeponet_s9711,fullmu_deeponet,9711,neural,32,4000,True,False,0.01937645714902784
fullmu_deeponet_s9711,fullmu_deeponet,9711,neural,33,4000,True,False,0.019372350253755614
fullmu_deeponet_s9711,fullmu_deeponet,9711,neural,34,4000,True,False,0.019375969825397334
fullmu_deeponet_s9711,fullmu_deeponet,9711,neural,35,4000,True,False,0.019375166255640498
fullmu_deeponet_s9711,fullmu_deeponet,9711,neural,36,4000,True,False,0.019391500420811038
fullmu_deeponet_s9711,fullmu_deeponet,9711,neural,37,4000,True,False,0.019380579864351877
fullmu_deeponet_s9711,fullmu_deeponet,9711,neural,38,4000,True,False,0.019384798652949044
fullmu_deeponet_s9711,fullmu_deeponet,9711,neural,39,4000,True,False,0.0193761066137292
fullmu_deeponet_s9711,fullmu_deeponet,9711,neural,40,4000,True,False,0.01936384196384525
fullmu_deeponet_s9711,fullmu_deeponet,9711,neural,41,4000,True,False,0.01937412155048754
fullmu_deeponet_s9712,fullmu_deeponet,9712,neural,30,4000,True,False,0.019427588257504586
fullmu_deeponet_s9712,fullmu_deeponet,9712,neural,31,4000,True,False,0.01940805305580239
fullmu_deeponet_s9712,fullmu_deeponet,9712,neural,32,4000,True,False,0.019400199092676273
fullmu_deeponet_s9712,fullmu_deeponet,9712,neural,33,4000,True,False,0.01939196381968946
fullmu_deeponet_s9712,fullmu_deeponet,9712,neural,34,4000,True,False,0.01940695529464849
fullmu_deeponet_s9712,fullmu_deeponet,9712,neural,35,4000,True,False,0.0194151452392822
fullmu_deeponet_s9712,fullmu_deeponet,9712,neural,36,4000,True,False,0.01942357976087324
fullmu_deeponet_s9712,fullmu_deeponet,9712,neural,37,4000,True,False,0.01941664732214047
fullmu_deeponet_s9712,fullmu_deeponet,9712,neural,38,4000,True,False,0.01943532563456265
fullmu_deeponet_s9712,fullmu_deeponet,9712,neural,39,4000,True,False,0.019405786956192213
fullmu_deeponet_s9712,fullmu_deeponet,9712,neural,40,4000,True,False,0.019387369688564478
fullmu_deeponet_s9712,fullmu_deeponet,9712,neural,41,4000,True,False,0.01942233332091265
fullmu_deeponet_s9713,fullmu_deeponet,9713,neural,30,4000,True,False,0.01961852505469406
fullmu_deeponet_s9713,fullmu_deeponet,9713,neural,31,4000,True,False,0.019602930413443777
fullmu_deeponet_s9713,fullmu_deeponet,9713,neural,32,4000,True,False,0.01960829765115677
fullmu_deeponet_s9713,fullmu_deeponet,9713,neural,33,4000,True,False,0.019602861324054716
fullmu_deeponet_s9713,fullmu_deeponet,9713,neural,34,4000,True,False,0.019610217633678248
fullmu_deeponet_s9713,fullmu_deeponet,9713,neural,35,4000,True,False,0.019611111379917598
fullmu_deeponet_s9713,fullmu_deeponet,9713,neural,36,4000,True,False,0.01962664601265204
fullmu_deeponet_s9713,fullmu_deeponet,9713,neural,37,4000,True,False,0.01961580324320172
fullmu_deeponet_s9713,fullmu_deeponet,9713,neural,38,4000,True,False,0.019625549231273347
fullmu_deeponet_s9713,fullmu_deeponet,9713,neural,39,4000,True,False,0.01960876419007693
fullmu_deeponet_s9713,fullmu_deeponet,9713,neural,40,4000,True,False,0.01959470809732769
fullmu_deeponet_s9713,fullmu_deeponet,9713,neural,41,4000,True,False,0.019614061480865086
fullmu_mlp_s9711,fullmu_mlp,9711,neural,30,4000,True,False,0.020570226283279227
fullmu_mlp_s9711,fullmu_mlp,9711,neural,31,4000,True,False,0.02058482876332117
fullmu_mlp_s9711,fullmu_mlp,9711,neural,32,4000,True,False,0.020642085278187138
fullmu_mlp_s9711,fullmu_mlp,9711,neural,33,4000,True,False,0.020653307816303625
fullmu_mlp_s9711,fullmu_mlp,9711,neural,34,4000,True,False,0.020619464524115592
fullmu_mlp_s9711,fullmu_mlp,9711,neural,35,4000,True,False,0.020593483348739325
fullmu_mlp_s9711,fullmu_mlp,9711,neural,36,4000,True,False,0.02062558597192056
fullmu_mlp_s9711,fullmu_mlp,9711,neural,37,4000,True,False,0.020607286978601615
fullmu_mlp_s9711,fullmu_mlp,9711,neural,38,4000,True,False,0.02056299542672965
fullmu_mlp_s9711,fullmu_mlp,9711,neural,39,4000,True,False,0.020625915029363114
fullmu_mlp_s9711,fullmu_mlp,9711,neural,40,4000,True,False,0.020637352657794365
fullmu_mlp_s9711,fullmu_mlp,9711,neural,41,4000,True,False,0.020561253905779998
fullmu_mlp_s9712,fullmu_mlp,9712,neural,30,4000,True,False,0.020620482826184217
fullmu_mlp_s9712,fullmu_mlp,9712,neural,31,4000,True,False,0.02062979521797056
fullmu_mlp_s9712,fullmu_mlp,9712,neural,32,4000,True,False,0.020683267372766812
fullmu_mlp_s9712,fullmu_mlp,9712,neural,33,4000,True,False,0.02069277478728371
fullmu_mlp_s9712,fullmu_mlp,9712,neural,34,4000,True,False,0.020663796700380467
fullmu_mlp_s9712,fullmu_mlp,9712,neural,35,4000,True,False,0.020637898716456205
fullmu_mlp_s9712,fullmu_mlp,9712,neural,36,4000,True,False,0.020670158598295216
fullmu_mlp_s9712,fullmu_mlp,9712,neural,37,4000,True,False,0.020651971236345355
fullmu_mlp_s9712,fullmu_mlp,9712,neural,38,4000,True,False,0.020616808405186562
fullmu_mlp_s9712,fullmu_mlp,9712,neural,39,4000,True,False,0.02066425588858306
fullmu_mlp_s9712,fullmu_mlp,9712,neural,40,4000,True,False,0.02067633142320157
fullmu_mlp_s9712,fullmu_mlp,9712,neural,41,4000,True,False,0.020614293926795854
fullmu_mlp_s9713,fullmu_mlp,9713,neural,30,4000,True,False,0.02058478010121121
fullmu_mlp_s9713,fullmu_mlp,9713,neural,31,4000,True,False,0.020594651983981957
fullmu_mlp_s9713,fullmu_mlp,9713,neural,32,4000,True,False,0.020636732797652668
fullmu_mlp_s9713,fullmu_mlp,9713,neural,33,4000,True,False,0.02064339901547128
fullmu_mlp_s9713,fullmu_mlp,9713,neural,34,4000,True,False,0.020619256193438646
fullmu_mlp_s9713,fullmu_mlp,9713,neural,35,4000,True,False,0.02060188275066191
fullmu_mlp_s9713,fullmu_mlp,9713,neural,36,4000,True,False,0.02062359088214772
fullmu_mlp_s9713,fullmu_mlp,9713,neural,37,4000,True,False,0.02061113738553224
fullmu_mlp_s9713,fullmu_mlp,9713,neural,38,4000,True,False,0.020578669436583073
fullmu_mlp_s9713,fullmu_mlp,9713,neural,39,4000,True,False,0.020624432896865854
fullmu_mlp_s9713,fullmu_mlp,9713,neural,40,4000,True,False,0.020633283036377355
fullmu_mlp_s9713,fullmu_mlp,9713,neural,41,4000,True,False,0.0205764674491853
onlyK_mlp_s9711,onlyK_mlp,9711,neural,30,4000,True,False,0.02771808265369157
onlyK_mlp_s9711,onlyK_mlp,9711,neural,31,4000,True,False,0.02771359340141568
onlyK_mlp_s9711,onlyK_mlp,9711,neural,32,4000,True,False,0.027682919891217773
onlyK_mlp_s9711,onlyK_mlp,9711,neural,33,4000,True,False,0.027676079771672434
onlyK_mlp_s9711,onlyK_mlp,9711,neural,34,4000,True,False,0.02769154501223512
onlyK_mlp_s9711,onlyK_mlp,9711,neural,35,4000,True,False,0.02771058427566371
onlyK_mlp_s9711,onlyK_mlp,9711,neural,36,4000,True,False,0.027690986085382594
onlyK_mlp_s9711,onlyK_mlp,9711,neural,37,4000,True,False,0.027703522683229294
onlyK_mlp_s9711,onlyK_mlp,9711,neural,38,4000,True,False,0.027717682396537695
onlyK_mlp_s9711,onlyK_mlp,9711,neural,39,4000,True,False,0.027696849824318092
onlyK_mlp_s9711,onlyK_mlp,9711,neural,40,4000,True,False,0.027687303565147554
onlyK_mlp_s9711,onlyK_mlp,9711,neural,41,4000,True,False,0.027718638774108954
onlyK_mlp_s9712,onlyK_mlp,9712,neural,30,4000,True,False,0.027145272742699404
onlyK_mlp_s9712,onlyK_mlp,9712,neural,31,4000,True,False,0.027012927765296443
onlyK_mlp_s9712,onlyK_mlp,9712,neural,32,4000,True,False,0.026666996412954447
onlyK_mlp_s9712,onlyK_mlp,9712,neural,33,4000,True,False,0.02658273756665029
onlyK_mlp_s9712,onlyK_mlp,9712,neural,34,4000,True,False,0.02681533640187115
onlyK_mlp_s9712,onlyK_mlp,9712,neural,35,4000,True,False,0.02698479535376226
onlyK_mlp_s9712,onlyK_mlp,9712,neural,36,4000,True,False,0.026827538370879856
onlyK_mlp_s9712,onlyK_mlp,9712,neural,37,4000,True,False,0.02690545230278093
onlyK_mlp_s9712,onlyK_mlp,9712,neural,38,4000,True,False,0.027198618218475065
onlyK_mlp_s9712,onlyK_mlp,9712,neural,39,4000,True,False,0.02678273627297251
onlyK_mlp_s9712,onlyK_mlp,9712,neural,40,4000,True,False,0.026661830575682555
onlyK_mlp_s9712,onlyK_mlp,9712,neural,41,4000,True,False,0.02716494158930852
onlyK_mlp_s9713,onlyK_mlp,9713,neural,30,4000,True,False,0.027651920709779267
onlyK_mlp_s9713,onlyK_mlp,9713,neural,31,4000,True,False,0.027597149096442314
onlyK_mlp_s9713,onlyK_mlp,9713,neural,32,4000,True,False,0.027457060185067276
onlyK_mlp_s9713,onlyK_mlp,9713,neural,33,4000,True,False,0.027422015859532047
onlyK_mlp_s9713,onlyK_mlp,9713,neural,34,4000,True,False,0.027517355619681733
onlyK_mlp_s9713,onlyK_mlp,9713,neural,35,4000,True,False,0.02758769568007932
onlyK_mlp_s9713,onlyK_mlp,9713,neural,36,4000,True,False,0.027524927749647616
onlyK_mlp_s9713,onlyK_mlp,9713,neural,37,4000,True,False,0.027554276868247213
onlyK_mlp_s9713,onlyK_mlp,9713,neural,38,4000,True,False,0.027672190937655775
onlyK_mlp_s9713,onlyK_mlp,9713,neural,39,4000,True,False,0.027505904754086187
onlyK_mlp_s9713,onlyK_mlp,9713,neural,40,4000,True,False,0.027454734241507253
onlyK_mlp_s9713,onlyK_mlp,9713,neural,41,4000,True,False,0.02765605501486786
mmv_matched_s9711,mmv_matched,9711,mmv,30,4000,True,False,0.00013487946981238552
mmv_matched_s9711,mmv_matched,9711,mmv,31,4000,True,False,0.00013596151737687472
mmv_matched_s9711,mmv_matched,9711,mmv,32,4000,True,False,0.00013369186903587225
mmv_matched_s9711,mmv_matched,9711,mmv,33,4000,True,False,0.00013246388786874064
mmv_matched_s9711,mmv_matched,9711,mmv,34,4000,True,False,0.00013007400347733467
mmv_matched_s9711,mmv_matched,9711,mmv,35,4000,True,False,0.00013467197643862638
mmv_matched_s9711,mmv_matched,9711,mmv,36,4000,True,False,0.00013169541594300427
mmv_matched_s9711,mmv_matched,9711,mmv,37,4000,True,False,0.00013610787472488273
mmv_matched_s9711,mmv_matched,9711,mmv,38,4000,True,False,0.00013291046187387576
mmv_matched_s9711,mmv_matched,9711,mmv,39,4000,True,False,0.0001349256719400377
mmv_matched_s9711,mmv_matched,9711,mmv,40,4000,True,False,0.00013327433136594614
mmv_matched_s9711,mmv_matched,9711,mmv,41,4000,True,False,0.0001344603551197383
mmv_matched_s9712,mmv_matched,9712,mmv,30,4000,True,False,0.00013838161209820272
mmv_matched_s9712,mmv_matched,9712,mmv,31,4000,True,False,0.00013914176990287741
mmv_matched_s9712,mmv_matched,9712,mmv,32,4000,True,False,0.00013597609330546546
mmv_matched_s9712,mmv_matched,9712,mmv,33,4000,True,False,0.00013458547773419557
mmv_matched_s9712,mmv_matched,9712,mmv,34,4000,True,False,0.00013283524668861434
mmv_matched_s9712,mmv_matched,9712,mmv,35,4000,True,False,0.00013765195027865318
mmv_matched_s9712,mmv_matched,9712,mmv,36,4000,True,False,0.00013431192060200172
mmv_matched_s9712,mmv_matched,9712,mmv,37,4000,True,False,0.00013886592453443187
mmv_matched_s9712,mmv_matched,9712,mmv,38,4000,True,False,0.00013659407640497789
mmv_matched_s9712,mmv_matched,9712,mmv,39,4000,True,False,0.00013735272449146233
mmv_matched_s9712,mmv_matched,9712,mmv,40,4000,True,False,0.0001356369318021779
mmv_matched_s9712,mmv_matched,9712,mmv,41,4000,True,False,0.00013817887454682938
mmv_matched_s9713,mmv_matched,9713,mmv,30,4000,True,False,0.00013072454589403286
mmv_matched_s9713,mmv_matched,9713,mmv,31,4000,True,False,0.0001314739003703912
mmv_matched_s9713,mmv_matched,9713,mmv,32,4000,True,False,0.00012546346402205987
mmv_matched_s9713,mmv_matched,9713,mmv,33,4000,True,False,0.00012370413043161942
mmv_matched_s9713,mmv_matched,9713,mmv,34,4000,True,False,0.000123028055482275
mmv_matched_s9713,mmv_matched,9713,mmv,35,4000,True,False,0.00013020248446914132
mmv_matched_s9713,mmv_matched,9713,mmv,36,4000,True,False,0.00012426850517734692
mmv_matched_s9713,mmv_matched,9713,mmv,37,4000,True,False,0.00013019933417181197
mmv_matched_s9713,mmv_matched,9713,mmv,38,4000,True,False,0.00012854283056148996
mmv_matched_s9713,mmv_matched,9713,mmv,39,4000,True,False,0.00012873696623595307
mmv_matched_s9713,mmv_matched,9713,mmv,40,4000,True,False,0.0001257142885134135
mmv_matched_s9713,mmv_matched,9713,mmv,41,4000,True,False,0.00012970684915829882
mmw_s9711,mmw,9711,mmw,30,4000,True,False,0.0014317230451020562
mmw_s9711,mmw,9711,mmw,31,4000,True,False,0.0014457781030824401
mmw_s9711,mmw,9711,mmw,32,4000,True,False,0.0015041677350636506
mmw_s9711,mmw,9711,mmw,33,4000,True,False,0.0015163410317520349
mmw_s9711,mmw,9711,mmw,34,4000,True,False,0.001479281959987046
mmw_s9711,mmw,9711,mmw,35,4000,True,False,0.0014541404871769453
mmw_s9711,mmw,9711,mmw,36,4000,True,False,0.001480151795543475
mmw_s9711,mmw,9711,mmw,37,4000,True,False,0.0014674190060835178
mmw_s9711,mmw,9711,mmw,38,4000,True,False,0.0014275286939638959
mmw_s9711,mmw,9711,mmw,39,4000,True,False,0.0014838193341715812
mmw_s9711,mmw,9711,mmw,40,4000,True,False,0.0014956673946898125
mmw_s9711,mmw,9711,mmw,41,4000,True,False,0.0014280553070368384
mmw_s9712,mmw,9712,mmw,30,4000,True,False,0.005669521431364585
mmw_s9712,mmw,9712,mmw,31,4000,True,False,0.0056593415094639025
mmw_s9712,mmw,9712,mmw,32,4000,True,False,0.005674772820378971
mmw_s9712,mmw,9712,mmw,33,4000,True,False,0.005667468423638707
mmw_s9712,mmw,9712,mmw,34,4000,True,False,0.005646302897525672
mmw_s9712,mmw,9712,mmw,35,4000,True,False,0.005684800377896394
mmw_s9712,mmw,9712,mmw,36,4000,True,False,0.005697100836516228
mmw_s9712,mmw,9712,mmw,37,4000,True,False,0.005688897420049784
mmw_s9712,mmw,9712,mmw,38,4000,True,False,0.005623683748714484
mmw_s9712,mmw,9712,mmw,39,4000,True,False,0.005691703030277383
mmw_s9712,mmw,9712,mmw,40,4000,True,False,0.005677273874194422
mmw_s9712,mmw,9712,mmw,41,4000,True,False,0.005570715271947165
mmw_s9713,mmw,9713,mmw,30,4000,True,False,0.0018558751151672274
mmw_s9713,mmw,9713,mmw,31,4000,True,False,0.0018717345641107155
mmw_s9713,mmw,9713,mmw,32,4000,True,False,0.0019540966219231534
mmw_s9713,mmw,9713,mmw,33,4000,True,False,0.0019695189676257
mmw_s9713,mmw,9713,mmw,34,4000,True,False,0.0019214127226729366
mmw_s9713,mmw,9713,mmw,35,4000,True,False,0.001884268013809498
mmw_s9713,mmw,9713,mmw,36,4000,True,False,0.001926382572486953
mmw_s9713,mmw,9713,mmw,37,4000,True,False,0.0019027576220634315
mmw_s9713,mmw,9713,mmw,38,4000,True,False,0.0018537375854426287
mmw_s9713,mmw,9713,mmw,39,4000,True,False,0.001925955583565572
mmw_s9713,mmw,9713,mmw,40,4000,True,False,0.001940856372349577
mmw_s9713,mmw,9713,mmw,41,4000,True,False,0.0018525290762009794
