parent,group_id,K_difference,policy_response_mass_MAE,policy_response_max,KKT_raw,KKT_sameK
g30_f000,30,-1.0146589346504697e-08,0.0003259730366122579,0.0006256103515625,0.0010907766312961212,0.001039028673824803
g30_f033,30,6.139752883882466e-08,2.310718960351577e-05,6.103515625e-05,0.0004337934797454507,0.0004668032713925453
g30_f066,30,-5.79962033953052e-08,0.00019418087728276186,0.0003509521484375,0.0005995845813707713,0.0006438700400633079
g30_f099,30,8.429512377006176e-08,0.00036370495145661484,0.000640869140625,0.0005196778175167794,0.0005757937912074573
g30_f132,30,5.2469324884896196e-08,0.0003119875942438669,0.0006103515625,0.0007203941677899743,0.00087076999160728
g30_f166,30,-4.574959788783417e-08,0.0003717328732964924,0.000732421875,0.001237165706358958,0.0011892726529614513
g30_f199,30,7.633096998915789e-08,1.0111908453701356e-05,0.0001220703125,0.0004867318903584028,0.0004486190942898688
g30_f232,30,3.56616922658759e-08,0.0003326961371904178,0.000701904296875,0.0007595766554949445,0.0007588301443693983
g30_f265,30,3.2990307374802796e-08,6.640143458556804e-05,0.000213623046875,0.0007969348396685385,0.0007702221716514999
g30_f299,30,8.081038060936407e-09,0.0002515673500358649,0.00042724609375,0.0007983652073368056,0.0008959249287139128
g31_f000,31,1.0928834370815821e-07,3.084844828885031e-05,4.57763671875e-05,0.0006375806332377382,0.0005097655873602616
g31_f033,31,3.895267752795917e-08,0.000290396193893072,0.000579833984375,0.001016277386752334,0.0009744111274855295
g31_f066,31,5.788392343220039e-08,6.791825594114269e-05,0.0001220703125,0.0005443673495467624,0.000570109005547727
g31_f099,31,2.5303741324478324e-08,5.729062569752828e-05,0.000213623046875,0.0006989051381496978,0.0007017074847826419
g31_f132,31,-1.4818077431755228e-08,5.051463031073095e-06,0.0001220703125,0.000584405250283596,0.0005775031097638075
g31_f166,31,-3.0216376956104796e-08,3.0797144444347715e-05,4.57763671875e-05,0.0005703466402655093,0.00047343887442162345
g31_f199,31,6.442553512897575e-08,0.0008724321587714832,0.0015869140625,0.001547936812677058,0.0012928832061530086
g31_f232,31,1.3655210295837605e-10,0.000151924122783614,0.0002593994140625,0.0004667575332340773,0.00040753855068212424
g31_f265,31,1.1254822851469726e-08,0.0004648269167708569,0.000885009765625,0.0012154140727283823,0.0013715192024267755
g31_f299,31,4.862786795456486e-08,5.489920275018473e-05,0.000213623046875,0.0007025688802296026,0.0007802011040054942
g32_f000,32,-4.1016015472905565e-08,8.211705920325898e-05,0.0001220703125,0.0005563520347105836,0.0004769079523481742
g32_f033,32,-6.625032256124541e-08,3.928113280617863e-05,9.1552734375e-05,0.0006800519333336914,0.0006579978396998732
g32_f066,32,-4.29155662118319e-08,0.0002742744167497232,0.000579833984375,0.000418349265495975,0.0003896090647330452
g32_f099,32,-4.157963218176519e-08,0.00026534550566696447,0.000457763671875,0.0006550401594398235,0.0006483865082213397
g32_f132,32,-7.535743407061091e-08,3.5876226671768656e-05,0.0001220703125,0.0004725211029244929,0.00041582859119128807
g32_f166,32,-5.697875593568824e-08,0.00010904228350065672,0.0003662109375,0.0005665915721096657,0.0005764373758734155
g32_f199,32,2.776959462380546e-08,0.0002011634740240265,0.0003509521484375,0.0006458605943584898,0.000847470993846954
g32_f232,32,-2.4624419836527522e-08,1.7612875754533094e-05,3.0517578125e-05,0.0006802079755681044,0.0005676635075736897
g32_f265,32,-2.6974262823387107e-09,0.0010868368028973264,0.002044677734375,0.0015187986226625947,0.0013491442344627982
g32_f299,32,4.245652007739409e-08,8.112029510078823e-05,0.0001373291015625,0.00046376286335352354,0.00039497605799966145
g33_f000,33,4.6406668730014644e-08,6.632743046238612e-05,0.000152587890625,0.0006474821177855728,0.0006170874344501177
g33_f033,33,4.286469135195148e-08,0.00010637750502296667,0.000213623046875,0.0004757454657656437,0.0003436089341740632
g33_f066,33,1.6357354581941763e-08,0.00030287932652518367,0.000518798828125,0.0006948258906751366,0.0007148938506313511
g33_f099,33,-5.4275481886634225e-08,6.2981639959645e-05,0.0001220703125,0.0007041655466113693,0.0007397019614211357
g33_f132,33,7.0810173724567e-08,0.00020455590086567701,0.0003662109375,0.0008188761422324386,0.0008385603225570042
g33_f166,33,-2.586741487675681e-08,0.0004996471339874148,0.0009307861328125,0.0006351773340791267,0.0006781088576772011
g33_f199,33,1.4830519035058387e-08,6.444432655656999e-05,9.918212890625e-05,0.0005567671993426425,0.0006169967676918659
g33_f232,33,1.094772628107421e-07,0.00023941424828861007,0.0004119873046875,0.0005926726383597081,0.0006114183440243693
g33_f265,33,9.873391348946825e-08,0.00036607814017234686,0.000701904296875,0.0006356919286509594,0.0006500742564518219
g33_f299,33,5.21789331742184e-08,0.0001641344551975225,0.000335693359375,0.0007331449302005904,0.000678880096298366
g34_f000,34,1.1745179051558807e-08,8.051914670208893e-05,0.000152587890625,0.0004159464855643741,0.0004705594377776027
g34_f033,34,-1.593971177271669e-08,6.937348415703035e-05,0.0001220703125,0.0008486086237657027,0.0007523560978416577
g34_f066,34,-2.6845967227018264e-08,0.0001921768693862744,0.00030517578125,0.00047796665230365816,0.00046300420637782134
g34_f099,34,-7.937203960750594e-08,0.0005336603009634214,0.001007080078125,0.0008716827900616566,0.0009409439874174067
g34_f132,34,5.271695613373595e-08,0.0004409745864245968,0.00091552734375,0.0008524353451274522,0.0010397658871889748
g34_f166,34,5.620476883905212e-08,8.565743185076897e-05,0.000152587890625,0.000664029738416407,0.0005722231011115905
g34_f199,34,1.0922843785010627e-07,6.8782037059669e-05,0.000152587890625,0.0008444858125221176,0.0008782904440580053
g34_f232,34,6.389717555066454e-08,0.0003528486710169136,0.0006561279296875,0.0005658462851013175,0.0007642635102485157
g34_f265,34,-2.201570481474846e-08,6.70788332601682e-05,0.00018310546875,0.000426828092611246,0.00046754392933385125
g34_f299,34,-5.192651997276698e-08,7.984461509774919e-05,0.00018310546875,0.00040511078426126127,0.0002928759164876214
g35_f000,35,-5.5146145427897864e-08,0.00024122036233608648,0.0004119873046875,0.0005869237652938762,0.0005758351137196628
g35_f033,35,2.7300750105041516e-08,0.0001742420887121508,0.00030517578125,0.00045407682415833704,0.0003344649109168834
g35_f066,35,1.939084626201293e-08,9.055629403692208e-05,0.000152587890625,0.0004949069655613772,0.0004243485675228564
g35_f099,35,-2.396364351398006e-08,0.00022838035291180623,0.00054931640625,0.000877097562447219,0.0010770815693828182
g35_f132,35,5.019785476179095e-09,0.00025440718472457315,0.0004730224609375,0.0007242700277737352,0.0007402838980711077
g35_f166,35,-2.013156574776076e-08,0.0002528059563085047,0.00048828125,0.0007130191252381771,0.0008986065634787276
g35_f199,35,-4.294029309903635e-08,0.0001451024425913102,0.0002288818359375,0.0005498301240114908,0.0006342735844675603
g35_f232,35,-4.478421544718003e-08,0.0003230581399812251,0.0005645751953125,0.0007048759714905154,0.0008758083643492151
g35_f265,35,-2.674823917914182e-08,1.2311487271463668e-05,9.1552734375e-05,0.0003813695333872309,0.0003567336420416758
g35_f299,35,-4.227376848575659e-08,1.3942198123111473e-05,3.0517578125e-05,0.00046014677079293787,0.0004285648699035962
g36_f000,36,6.163746490983613e-08,0.0006792798278355068,0.00128173828125,0.0014868603359818665,0.0013582067040300793
g36_f033,36,-5.549805592863777e-08,0.00027623886493017375,0.00054931640625,0.0004689993007581899,0.0005773691842456201
g36_f066,36,-3.6094135680286854e-08,0.00036785056524155487,0.00067138671875,0.0006940229066177376,0.0009028996179704837
g36_f099,36,-4.7467530350786546e-08,0.0002246521538318595,0.0003814697265625,0.0007190928522680183,0.0007781709778118994
g36_f132,36,4.854024382439093e-08,0.0002293277240318857,0.0004425048828125,0.00044947121375249954,0.0005774324855037042
g36_f166,36,-1.1330534732678643e-08,4.5242036697032225e-05,9.1552734375e-05,0.000813240575275782,0.0006355834673233332
g36_f199,36,-3.673707738016674e-08,5.6767716715668185e-05,9.1552734375e-05,0.0007121837367217494,0.0005539134822765093
g36_f232,36,4.4664631104751606e-08,0.00020782299459796603,0.000457763671875,0.00035316380259348617,0.00031800746989344916
g36_f265,36,-3.128754144654522e-09,0.0002484542248219294,0.00048828125,0.0008732245399332216,0.0011972223181986172
g36_f299,36,7.541571278579795e-08,0.00020509596415203325,0.000396728515625,0.0008156311946184456,0.0007864381002273209
g37_f000,37,-3.1619549645256484e-08,6.867861543976788e-05,0.00018310546875,0.0005125576770584687,0.0005400946503043605
g37_f033,37,6.179247336035587e-08,0.00018634204007985576,0.000335693359375,0.000876714613383021,0.0008664563574922095
g37_f066,37,-4.370015460608556e-09,0.00028531698945340184,0.0004730224609375,0.0006048421314884254,0.0006369705998866494
g37_f099,37,1.5030209965516406e-08,9.1696634534281e-05,0.000274658203125,0.000588485662758747,0.000591926795487907
g37_f132,37,4.2974289016228795e-08,0.0003584324535199121,0.00067138671875,0.0010700878057080766,0.001162120635755578
g37_f166,37,-9.19021942991094e-08,0.00035353996712437575,0.00067138671875,0.0008232475113099454,0.0009935048973189686
g37_f199,37,4.0127225986452686e-08,3.285487066630654e-05,0.0001220703125,0.0007836756781270282,0.0006171637640458405
g37_f232,37,3.424119654482638e-08,0.00011207623233120224,0.000274658203125,0.0006195866842648446,0.0006495945127009906
g37_f265,37,3.5981102541882137e-09,0.000298894907863614,0.0005035400390625,0.0006218446832632332,0.0007146208589801517
g37_f299,37,1.0288270857472526e-07,0.00011176938825458296,0.000213623046875,0.0005053491743131504,0.0005502991138052646
g38_f000,38,-4.411917586821801e-08,5.785638183704336e-05,0.0001220703125,0.0007749007612444103,0.000563741946601076
g38_f033,38,-3.1936288280576264e-08,0.0003727448389677716,0.000640869140625,0.0007880742165531072,0.0007827355845553991
g38_f066,38,1.1234347141453327e-07,0.0007360213880416806,0.001373291015625,0.0004802303080471705,0.0005093079398305435
g38_f099,38,-2.042795443912837e-08,0.000132516244412059,0.000274658203125,0.0005365300229603163,0.00042959052703133425
g38_f132,38,-7.831403081581811e-08,0.000211113183515096,0.000396728515625,0.0006693354693256771,0.0007304807713535813
g38_f166,38,-3.5473426862608903e-08,0.000324054844268111,0.000640869140625,0.000420261568915866,0.0004458918031538396
g38_f199,38,-4.583282731118743e-08,0.0003340985400863462,0.000701904296875,0.0013368069486459234,0.001352074133241282
g38_f232,38,4.780629581091489e-08,9.023969468880002e-05,0.0001373291015625,0.0006138182985432234,0.0007009234419198722
g38_f265,38,8.365391579445713e-08,4.789656333853528e-05,6.103515625e-05,0.0005943192464754309,0.0006054930002656161
g38_f299,38,-2.2892756135206582e-08,0.00034382267829117114,0.000640869140625,0.0006413176193888718,0.0007695686762946503
g39_f000,39,-5.3496492569138354e-08,0.00011073647234975106,0.000213623046875,0.00046155656781845313,0.0005279686563010899
g39_f033,39,-2.0985240212212375e-08,0.00035821696653689497,0.0006256103515625,0.0006556776141202997,0.0008185711039340572
g39_f066,39,-3.8765264775975083e-08,0.00019097879717673355,0.0003204345703125,0.0007182051130022888,0.0007793924766609257
g39_f099,39,-5.1973366055335646e-08,0.00030276554758431224,0.00054931640625,0.001228530031199807,0.0012979612469829931
g39_f132,39,-1.7015207021131573e-07,5.601193295133659e-05,0.00030517578125,0.0005425540638806169,0.00048783730935541566
g39_f166,39,4.426770061627394e-08,5.811301223826946e-05,0.0001220703125,0.0006356920942680676,0.0006731667695686881
g39_f199,39,3.1481494744411975e-08,0.0007418605805426196,0.0013885498046875,0.0008603318777724667,0.0008552178582449739
g39_f232,39,2.7609971198216954e-08,9.134727412253075e-05,0.000152587890625,0.00046742228792776903,0.000486653768602676
g39_f265,39,-1.719378417419648e-09,0.00033577735092435836,0.0005950927734375,0.0006186511542576014,0.0007132810072883968
g39_f299,39,-4.122658481264807e-08,0.0004868838335324342,0.000885009765625,0.0007821394819537097,0.0008966417842290284
g40_f000,40,-5.675730108123389e-08,0.00011801224854372273,0.00018310546875,0.0006751426590710043,0.0006449649192705679
g40_f033,40,-2.421933942287069e-08,0.0003543014941348398,0.0006561279296875,0.0005442221182066954,0.00039177499827059044
g40_f066,40,1.58259538807215e-08,5.4719613218616296e-05,0.000213623046875,0.0005353405210118135,0.0004383593254700789
g40_f099,40,-5.646618461696562e-08,0.0001370403494009041,0.000244140625,0.0007781853333456985,0.0009193492814357447
g40_f132,40,1.8210457142231462e-08,0.0001127640675326475,0.00018310546875,0.0007480428031528822,0.0008139151635309782
g40_f166,40,6.65827784018802e-08,0.00011155565839350292,0.000244140625,0.0006123703694039295,0.0006373088749502175
g40_f199,40,5.878126785319182e-08,4.105144209869168e-05,9.1552734375e-05,0.0006027926693134253,0.00034278260361612125
g40_f232,40,1.4078992194299644e-08,1.2327887052400086e-05,3.0517578125e-05,0.0004980086773109845,0.0005384817732667943
g40_f265,40,-9.699319747369373e-08,8.422397391506334e-05,0.0001373291015625,0.000563159371690762,0.00037666620428755123
g40_f299,40,2.7666352764299518e-08,0.00036783124911432313,0.000701904296875,0.0005537281928279321,0.000490885183523493
g41_f000,41,-1.4161972927695388e-08,0.0003666139740278773,0.000701904296875,0.001606316408315331,0.0016340132408992607
g41_f033,41,2.2827023826721415e-08,0.00012322433436081734,0.000244140625,0.000584637343322955,0.0005938074710216784
g41_f066,41,-6.8209189407753e-08,0.0002033578282198031,0.0003814697265625,0.0004993463477589179,0.0004293381393713512
g41_f099,41,-4.9106844812740746e-08,0.0003006962775258467,0.000518798828125,0.0003730550629723951,0.0004547525998022328
g41_f132,41,2.5628388300447114e-08,0.00010447218560479416,0.000213623046875,0.00038922479631463644,0.0003605839861469239
g41_f166,41,-2.1351262091684475e-08,0.00012196183441288245,0.0001983642578125,0.0007108532487446742,0.0006684964600538212
g41_f199,41,-2.4279266597204696e-08,0.00035051765454716983,0.0006256103515625,0.0004913060022053997,0.0004416171986157523
g41_f232,41,-5.375163425469509e-09,0.0001876709623235189,0.0003662109375,0.0005864923866863094,0.0005772149580286447
g41_f265,41,-1.8458919726072054e-08,0.000801571160628446,0.001495361328125,0.0010910053812333736,0.0010448620676795468
g41_f299,41,-2.330200032929497e-08,0.0002665461368882323,0.000457763671875,0.000729075697363472,0.0009391238437474002
