entry_id,method,seed,phase,paths,median_path_KKT
fullmu_deeponet_s9711,fullmu_deeponet,9711,transition,12,0.020072466738419663
fullmu_deeponet_s9711,fullmu_deeponet,9711,post_burn,12,0.01937603821956327
fullmu_deeponet_s9712,fullmu_deeponet,9712,transition,12,0.020081929420406278
fullmu_deeponet_s9712,fullmu_deeponet,9712,post_burn,12,0.019411599147542292
fullmu_deeponet_s9713,fullmu_deeponet,9713,transition,12,0.020291405900093065
fullmu_deeponet_s9713,fullmu_deeponet,9713,post_burn,12,0.019610664506797923
fullmu_mlp_s9711,fullmu_mlp,9711,transition,12,0.02130322485038142
fullmu_mlp_s9711,fullmu_mlp,9711,post_burn,12,0.020613375751358604
fullmu_mlp_s9712,fullmu_mlp,9712,transition,12,0.021333470092804962
fullmu_mlp_s9712,fullmu_mlp,9712,post_burn,12,0.020657883968362913
fullmu_mlp_s9713,fullmu_mlp,9713,transition,12,0.021291980923816782
fullmu_mlp_s9713,fullmu_mlp,9713,post_burn,12,0.020615196789485445
onlyK_mlp_s9711,onlyK_mlp,9711,transition,12,0.026661810399829327
onlyK_mlp_s9711,onlyK_mlp,9711,post_burn,12,0.02770018625377369
onlyK_mlp_s9712,onlyK_mlp,9712,transition,12,0.02564537235702239
onlyK_mlp_s9712,onlyK_mlp,9712,post_burn,12,0.026866495336830394
onlyK_mlp_s9713,onlyK_mlp,9713,transition,12,0.026484027440046257
onlyK_mlp_s9713,onlyK_mlp,9713,post_burn,12,0.027539602308947413
mmv_matched_s9711,mmv_matched,9711,transition,12,0.0001420367083113093
mmv_matched_s9711,mmv_matched,9711,post_burn,12,0.00013407611207780527
mmv_matched_s9712,mmv_matched,9712,transition,12,0.00014406563164884843
mmv_matched_s9712,mmv_matched,9712,post_burn,12,0.0001369734004482201
mmv_matched_s9713,mmv_matched,9713,transition,12,0.00013241837793129033
mmv_matched_s9713,mmv_matched,9713,post_burn,12,0.00012863989839872152
mmw_s9711,mmw,9711,transition,12,0.0017149107353530276
mmw_s9711,mmw,9711,post_burn,12,0.001473350483035282
mmw_s9712,mmw,9712,transition,12,0.005599824361447169
mmw_s9712,mmw,9712,post_burn,12,0.005672147125871778
mmw_s9713,mmw,9713,transition,12,0.0021636322438480806
mmw_s9713,mmw,9713,post_burn,12,0.001912085172368184
