entry_id,method,seed,cell,label,mass_total,mass_weighted_KKT
fullmu_deeponet_s9711,fullmu_deeponet,9711,e0_zero,Employment 0: zero,0.9008997352793813,0.0007570504616615367
fullmu_deeponet_s9711,fullmu_deeponet,9711,e0_low,Employment 0: low,6.987708725926723,0.001897656460936003
fullmu_deeponet_s9711,fullmu_deeponet,9711,e0_mid,Employment 0: mid,42.62583426000674,0.0008827249527202914
fullmu_deeponet_s9711,fullmu_deeponet,9711,e0_high,Employment 0: high,201.48555726658975,0.0003153584169912507
fullmu_deeponet_s9711,fullmu_deeponet,9711,e1_zero,Employment 1: zero,0.9974246844649315,0.002924708881796801
fullmu_deeponet_s9711,fullmu_deeponet,9711,e1_low,Employment 1: low,79.97868589034988,0.002697652540608999
fullmu_deeponet_s9711,fullmu_deeponet,9711,e1_mid,Employment 1: mid,530.0356365069747,0.001157533371156504
fullmu_deeponet_s9711,fullmu_deeponet,9711,e1_high,Employment 1: high,2736.9882528826515,0.00036810159860227183
fullmu_deeponet_s9712,fullmu_deeponet,9712,e0_zero,Employment 0: zero,0.9008997352793813,0.0005718181292386022
fullmu_deeponet_s9712,fullmu_deeponet,9712,e0_low,Employment 0: low,6.987708725926723,0.001626425614003937
fullmu_deeponet_s9712,fullmu_deeponet,9712,e0_mid,Employment 0: mid,42.62583426000674,0.0007587961462363907
fullmu_deeponet_s9712,fullmu_deeponet,9712,e0_high,Employment 0: high,201.48555726658975,0.0003183613599149488
fullmu_deeponet_s9712,fullmu_deeponet,9712,e1_zero,Employment 1: zero,0.9974246844649315,0.002890694925445103
fullmu_deeponet_s9712,fullmu_deeponet,9712,e1_low,Employment 1: low,79.97868589034988,0.0026217761728943283
fullmu_deeponet_s9712,fullmu_deeponet,9712,e1_mid,Employment 1: mid,530.0356365069747,0.0011209730332321203
fullmu_deeponet_s9712,fullmu_deeponet,9712,e1_high,Employment 1: high,2736.9882528826515,0.00033604662372305427
fullmu_deeponet_s9713,fullmu_deeponet,9713,e0_zero,Employment 0: zero,0.9008997352793813,0.00039167268872548693
fullmu_deeponet_s9713,fullmu_deeponet,9713,e0_low,Employment 0: low,6.987708725926723,0.0007325732115476525
fullmu_deeponet_s9713,fullmu_deeponet,9713,e0_mid,Employment 0: mid,42.62583426000674,0.00038382607244233396
fullmu_deeponet_s9713,fullmu_deeponet,9713,e0_high,Employment 0: high,201.48555726658975,0.00043330269258969235
fullmu_deeponet_s9713,fullmu_deeponet,9713,e1_zero,Employment 1: zero,0.9974246844649315,0.002068856762449723
fullmu_deeponet_s9713,fullmu_deeponet,9713,e1_low,Employment 1: low,79.97868589034988,0.0019666565555905595
fullmu_deeponet_s9713,fullmu_deeponet,9713,e1_mid,Employment 1: mid,530.0356365069747,0.000811855875790997
fullmu_deeponet_s9713,fullmu_deeponet,9713,e1_high,Employment 1: high,2736.9882528826515,0.00023442294552978828
fullmu_mlp_s9711,fullmu_mlp,9711,e0_zero,Employment 0: zero,0.9008997352793813,0.0009711454593888594
fullmu_mlp_s9711,fullmu_mlp,9711,e0_low,Employment 0: low,6.987708725926723,0.003573557529529876
fullmu_mlp_s9711,fullmu_mlp,9711,e0_mid,Employment 0: mid,42.62583426000674,0.001945544464622755
fullmu_mlp_s9711,fullmu_mlp,9711,e0_high,Employment 0: high,201.48555726658975,0.0009819024314755007
fullmu_mlp_s9711,fullmu_mlp,9711,e1_zero,Employment 1: zero,0.9974246844649315,0.0016498265877156046
fullmu_mlp_s9711,fullmu_mlp,9711,e1_low,Employment 1: low,79.97868589034988,0.002023899859286254
fullmu_mlp_s9711,fullmu_mlp,9711,e1_mid,Employment 1: mid,530.0356365069747,0.0011326498541442077
fullmu_mlp_s9711,fullmu_mlp,9711,e1_high,Employment 1: high,2736.9882528826515,0.0005216005210336483
fullmu_mlp_s9712,fullmu_mlp,9712,e0_zero,Employment 0: zero,0.9008997352793813,0.0007905134412292463
fullmu_mlp_s9712,fullmu_mlp,9712,e0_low,Employment 0: low,6.987708725926723,0.0028909338723083753
fullmu_mlp_s9712,fullmu_mlp,9712,e0_mid,Employment 0: mid,42.62583426000674,0.0012443901895911851
fullmu_mlp_s9712,fullmu_mlp,9712,e0_high,Employment 0: high,201.48555726658975,0.000924160026634967
fullmu_mlp_s9712,fullmu_mlp,9712,e1_zero,Employment 1: zero,0.9974246844649315,0.001912579692802089
fullmu_mlp_s9712,fullmu_mlp,9712,e1_low,Employment 1: low,79.97868589034988,0.0023011227214114784
fullmu_mlp_s9712,fullmu_mlp,9712,e1_mid,Employment 1: mid,530.0356365069747,0.0013166788820992922
fullmu_mlp_s9712,fullmu_mlp,9712,e1_high,Employment 1: high,2736.9882528826515,0.0004510655878759987
fullmu_mlp_s9713,fullmu_mlp,9713,e0_zero,Employment 0: zero,0.9008997352793813,0.0006835644012205071
fullmu_mlp_s9713,fullmu_mlp,9713,e0_low,Employment 0: low,6.987708725926723,0.0027295501482332905
fullmu_mlp_s9713,fullmu_mlp,9713,e0_mid,Employment 0: mid,42.62583426000674,0.0011135551564008753
fullmu_mlp_s9713,fullmu_mlp,9713,e0_high,Employment 0: high,201.48555726658975,0.0009061855677320624
fullmu_mlp_s9713,fullmu_mlp,9713,e1_zero,Employment 1: zero,0.9974246844649315,0.001746819182103559
fullmu_mlp_s9713,fullmu_mlp,9713,e1_low,Employment 1: low,79.97868589034988,0.0021432855394402342
fullmu_mlp_s9713,fullmu_mlp,9713,e1_mid,Employment 1: mid,530.0356365069747,0.0012118363689904601
fullmu_mlp_s9713,fullmu_mlp,9713,e1_high,Employment 1: high,2736.9882528826515,0.0005111026614174762
onlyK_mlp_s9711,onlyK_mlp,9711,e0_zero,Employment 0: zero,0.9008997352793813,0.000284146571106947
onlyK_mlp_s9711,onlyK_mlp,9711,e0_low,Employment 0: low,6.987708725926723,0.0030971397395208136
onlyK_mlp_s9711,onlyK_mlp,9711,e0_mid,Employment 0: mid,42.62583426000674,0.002026051467822014
onlyK_mlp_s9711,onlyK_mlp,9711,e0_high,Employment 0: high,201.48555726658975,0.0008729117407510753
onlyK_mlp_s9711,onlyK_mlp,9711,e1_zero,Employment 1: zero,0.9974246844649315,0.003783157521030277
onlyK_mlp_s9711,onlyK_mlp,9711,e1_low,Employment 1: low,79.97868589034988,0.004740941138413297
onlyK_mlp_s9711,onlyK_mlp,9711,e1_mid,Employment 1: mid,530.0356365069747,0.003473586914347706
onlyK_mlp_s9711,onlyK_mlp,9711,e1_high,Employment 1: high,2736.9882528826515,0.0021953900197527114
onlyK_mlp_s9712,onlyK_mlp,9712,e0_zero,Employment 0: zero,0.9008997352793813,0.000509544261604644
onlyK_mlp_s9712,onlyK_mlp,9712,e0_low,Employment 0: low,6.987708725926723,0.002632340821904021
onlyK_mlp_s9712,onlyK_mlp,9712,e0_mid,Employment 0: mid,42.62583426000674,0.0016954263245128986
onlyK_mlp_s9712,onlyK_mlp,9712,e0_high,Employment 0: high,201.48555726658975,0.0009315336979911794
onlyK_mlp_s9712,onlyK_mlp,9712,e1_zero,Employment 1: zero,0.9974246844649315,0.0037103254459530783
onlyK_mlp_s9712,onlyK_mlp,9712,e1_low,Employment 1: low,79.97868589034988,0.00464756015125049
onlyK_mlp_s9712,onlyK_mlp,9712,e1_mid,Employment 1: mid,530.0356365069747,0.0034002033670470885
onlyK_mlp_s9712,onlyK_mlp,9712,e1_high,Employment 1: high,2736.9882528826515,0.0021438456109471077
onlyK_mlp_s9713,onlyK_mlp,9713,e0_zero,Employment 0: zero,0.9008997352793813,0.0005219431352433866
onlyK_mlp_s9713,onlyK_mlp,9713,e0_low,Employment 0: low,6.987708725926723,0.0024230725724727364
onlyK_mlp_s9713,onlyK_mlp,9713,e0_mid,Employment 0: mid,42.62583426000674,0.0015626083844035804
onlyK_mlp_s9713,onlyK_mlp,9713,e0_high,Employment 0: high,201.48555726658975,0.0009763063308814968
onlyK_mlp_s9713,onlyK_mlp,9713,e1_zero,Employment 1: zero,0.9974246844649315,0.0037701994109794056
onlyK_mlp_s9713,onlyK_mlp,9713,e1_low,Employment 1: low,79.97868589034988,0.004755227945170199
onlyK_mlp_s9713,onlyK_mlp,9713,e1_mid,Employment 1: mid,530.0356365069747,0.0034788986894607123
onlyK_mlp_s9713,onlyK_mlp,9713,e1_high,Employment 1: high,2736.9882528826515,0.002121737561705368
mmv_matched_s9711,mmv_matched,9711,e0_zero,Employment 0: zero,0.9008997352793813,0.0
mmv_matched_s9711,mmv_matched,9711,e0_low,Employment 0: low,6.987708725926723,0.003813549310285263
mmv_matched_s9711,mmv_matched,9711,e0_mid,Employment 0: mid,42.62583426000674,0.0001888541662196182
mmv_matched_s9711,mmv_matched,9711,e0_high,Employment 0: high,201.48555726658975,0.0001571319326787481
mmv_matched_s9711,mmv_matched,9711,e1_zero,Employment 1: zero,0.9974246844649315,0.00011487560137519851
mmv_matched_s9711,mmv_matched,9711,e1_low,Employment 1: low,79.97868589034988,0.00016590682702078335
mmv_matched_s9711,mmv_matched,9711,e1_mid,Employment 1: mid,530.0356365069747,0.00017069567582997345
mmv_matched_s9711,mmv_matched,9711,e1_high,Employment 1: high,2736.9882528826515,0.0001404873073811518
mmv_matched_s9712,mmv_matched,9712,e0_zero,Employment 0: zero,0.9008997352793813,0.0
mmv_matched_s9712,mmv_matched,9712,e0_low,Employment 0: low,6.987708725926723,0.0038225257892937673
mmv_matched_s9712,mmv_matched,9712,e0_mid,Employment 0: mid,42.62583426000674,0.00020415569521651603
mmv_matched_s9712,mmv_matched,9712,e0_high,Employment 0: high,201.48555726658975,0.00016488009574132674
mmv_matched_s9712,mmv_matched,9712,e1_zero,Employment 1: zero,0.9974246844649315,0.00012567156097874127
mmv_matched_s9712,mmv_matched,9712,e1_low,Employment 1: low,79.97868589034988,0.00018906598353172222
mmv_matched_s9712,mmv_matched,9712,e1_mid,Employment 1: mid,530.0356365069747,0.00019205084407187308
mmv_matched_s9712,mmv_matched,9712,e1_high,Employment 1: high,2736.9882528826515,0.00015090319287915232
mmv_matched_s9713,mmv_matched,9713,e0_zero,Employment 0: zero,0.9008997352793813,0.0
mmv_matched_s9713,mmv_matched,9713,e0_low,Employment 0: low,6.987708725926723,0.003858965640764921
mmv_matched_s9713,mmv_matched,9713,e0_mid,Employment 0: mid,42.62583426000674,0.0002560650041957847
mmv_matched_s9713,mmv_matched,9713,e0_high,Employment 0: high,201.48555726658975,0.0001918977048953599
mmv_matched_s9713,mmv_matched,9713,e1_zero,Employment 1: zero,0.9974246844649315,0.0001416644903703511
mmv_matched_s9713,mmv_matched,9713,e1_low,Employment 1: low,79.97868589034988,0.00022569863884848662
mmv_matched_s9713,mmv_matched,9713,e1_mid,Employment 1: mid,530.0356365069747,0.00022600712816826245
mmv_matched_s9713,mmv_matched,9713,e1_high,Employment 1: high,2736.9882528826515,0.0001668820611305873
mmw_s9711,mmw,9711,e0_zero,Employment 0: zero,0.9008997352793813,0.6746767713798706
mmw_s9711,mmw,9711,e0_low,Employment 0: low,6.987708725926723,0.2619139687666653
mmw_s9711,mmw,9711,e0_mid,Employment 0: mid,42.62583426000674,0.037955984250664154
mmw_s9711,mmw,9711,e0_high,Employment 0: high,201.48555726658975,0.0026888596811015762
mmw_s9711,mmw,9711,e1_zero,Employment 1: zero,0.9974246844649315,0.44872299257710985
mmw_s9711,mmw,9711,e1_low,Employment 1: low,79.97868589034988,0.2690141174253013
mmw_s9711,mmw,9711,e1_mid,Employment 1: mid,530.0356365069747,0.06411064801291452
mmw_s9711,mmw,9711,e1_high,Employment 1: high,2736.9882528826515,0.006209472371669991
mmw_s9712,mmw,9712,e0_zero,Employment 0: zero,0.9008997352793813,0.6734732951546164
mmw_s9712,mmw,9712,e0_low,Employment 0: low,6.987708725926723,0.2581246855025439
mmw_s9712,mmw,9712,e0_mid,Employment 0: mid,42.62583426000674,0.033821187617236174
mmw_s9712,mmw,9712,e0_high,Employment 0: high,201.48555726658975,0.003160979867799546
mmw_s9712,mmw,9712,e1_zero,Employment 1: zero,0.9974246844649315,0.44623632416004466
mmw_s9712,mmw,9712,e1_low,Employment 1: low,79.97868589034988,0.265227712858303
mmw_s9712,mmw,9712,e1_mid,Employment 1: mid,530.0356365069747,0.059557271197646124
mmw_s9712,mmw,9712,e1_high,Employment 1: high,2736.9882528826515,0.0065180599474198115
mmw_s9713,mmw,9713,e0_zero,Employment 0: zero,0.9008997352793813,0.6743725550170409
mmw_s9713,mmw,9713,e0_low,Employment 0: low,6.987708725926723,0.2606897013629267
mmw_s9713,mmw,9713,e0_mid,Employment 0: mid,42.62583426000674,0.03562062987660441
mmw_s9713,mmw,9713,e0_high,Employment 0: high,201.48555726658975,0.004129321606575348
mmw_s9713,mmw,9713,e1_zero,Employment 1: zero,0.9974246844649315,0.4492179500133236
mmw_s9713,mmw,9713,e1_low,Employment 1: low,79.97868589034988,0.2695038126924969
mmw_s9713,mmw,9713,e1_mid,Employment 1: mid,530.0356365069747,0.06407090239754024
mmw_s9713,mmw,9713,e1_high,Employment 1: high,2736.9882528826515,0.006488912830227989
