entry_id,method,seed,pairs,response_MAE,KKT_raw,KKT_sameK,max_abs_K_difference
fullmu_deeponet_s9711,fullmu_deeponet,9711,120,0.0006300780020168046,0.0005428267934079728,0.0005364941691272197,1.7015207021131573e-07
fullmu_deeponet_s9712,fullmu_deeponet,9712,120,0.0006903738883244752,0.000510159456516841,0.0005026381645691924,1.7015207021131573e-07
fullmu_deeponet_s9713,fullmu_deeponet,9713,120,0.0006337068021085214,0.00037050904098268056,0.0003543514761740405,1.7015207021131573e-07
fullmu_mlp_s9711,fullmu_mlp,9711,120,0.0002191512598077955,0.0006857503790695111,0.0006941048888116527,1.7015207021131573e-07
fullmu_mlp_s9712,fullmu_mlp,9712,120,0.00020886671936156938,0.0006547893508104062,0.0006705998592130656,1.7015207021131573e-07
fullmu_mlp_s9713,fullmu_mlp,9713,120,0.00021561041455997042,0.0006776773520549075,0.0006884098661607139,1.7015207021131573e-07
onlyK_mlp_s9711,onlyK_mlp,9711,120,3.5664561584027825e-08,0.0023463840820481465,0.0023535598811060864,1.7015207021131573e-07
onlyK_mlp_s9712,onlyK_mlp,9712,120,3.4860524999485766e-08,0.0022718773286726115,0.002279036625126667,1.7015207021131573e-07
onlyK_mlp_s9713,onlyK_mlp,9713,120,3.46908830280318e-08,0.0022657180244082748,0.0022728431017924873,1.7015207021131573e-07
mmv_matched_s9711,mmv_matched,9711,120,3.4330336144157144e-08,0.00013723377643780777,0.00019689338868966497,1.7015207021131573e-07
mmv_matched_s9712,mmv_matched,9712,120,3.427249775097673e-08,0.00014911109704544644,0.00020965575245176306,1.7015207021131573e-07
mmv_matched_s9713,mmv_matched,9713,120,3.598033237851617e-08,0.00017772863189972142,0.00024124546419315604,1.7015207021131573e-07
mmw_s9711,mmw,9711,120,0.00028716455387394927,0.0216982366908125,0.023025417878982525,1.7015207021131573e-07
mmw_s9712,mmw,9712,120,0.0002954380122368788,0.02114048981564131,0.022472059756339296,1.7015207021131573e-07
mmw_s9713,mmw,9713,120,0.00027057425801313255,0.021969253868815652,0.023298771924941796,1.7015207021131573e-07
