path_id,phase,failed,dates,expected_dates,KKT,P99,K_final
30,transition,False,1000,1000,0.00014500985731347223,0.00017168128490447997,40.55356685996537
30,post_burn,False,3000,3000,0.00013838161209820272,0.00016686499118804933,40.55356685996537
31,transition,False,1000,1000,0.00014524338673731535,0.00017215597629547118,37.06244408744877
31,post_burn,False,3000,3000,0.00013914176990287741,0.0001679552396138509,37.06244408744877
32,transition,False,1000,1000,0.0001410077428437595,0.00016625618934631346,38.46973118868607
32,post_burn,False,3000,3000,0.00013597609330546546,0.00016456755002339682,38.46973118868607
33,transition,False,1000,1000,0.00014322778600076025,0.0001689649820327759,38.06878073483812
33,post_burn,False,3000,3000,0.00013458547773419557,0.00016312030951182047,38.06878073483812
34,transition,False,1000,1000,0.00014436663747992206,0.000171262264251709,39.26708490977451
34,post_burn,False,3000,3000,0.00013283524668861434,0.0001610028346379598,39.26708490977451
35,transition,False,1000,1000,0.00014376462581777483,0.00016995823383331298,39.87501120855116
35,post_burn,False,3000,3000,0.00013765195027865318,0.00016677733262379963,39.87501120855116
36,transition,False,1000,1000,0.00014472754290279936,0.00017167317867279052,41.32700717972655
36,post_burn,False,3000,3000,0.00013431192060200172,0.00016239166259765625,41.32700717972655
37,transition,False,1000,1000,0.0001353083462085868,0.00016066014766693114,41.38136883698201
37,post_burn,False,3000,3000,0.00013886592453443187,0.0001676101287206014,41.38136883698201
38,transition,False,1000,1000,0.0001401785647898026,0.00016526460647583007,40.032541060118795
38,post_burn,False,3000,3000,0.00013659407640497789,0.00016455626487731933,40.032541060118795
39,transition,False,1000,1000,0.00014574822364161498,0.0001734635829925537,39.20793667189769
39,post_burn,False,3000,3000,0.00013735272449146233,0.00016637758413950602,39.20793667189769
40,transition,False,1000,1000,0.0001462989266527412,0.00017343759536743165,37.53483799247706
40,post_burn,False,3000,3000,0.0001356369318021779,0.00016434717178344727,37.53483799247706
41,transition,False,1000,1000,0.00014286934920325234,0.00016914796829223632,40.21927854382552
41,post_burn,False,3000,3000,0.00013817887454682938,0.00016594342390696207,40.21927854382552
